{"cameraMode":{"drawMode":0,"name":"Shaded","section":"Shading Mode"},"sceneLighting":false,"audioPlay":false,"sceneViewState":{"showFog":false,"showMaterialUpdate":false,"showSkybox":false,"showFlares":false,"showImageEffects":true,"showParticleSystems":false,"showVisualEffectGraphs":true,"m_FxEnabled":true},"in2DMode":false,"pivot":{"x":0.23608192801475526,"y":0.19747281074523927,"z":0.6399420499801636},"rotation":{"x":-0.2521892786026001,"y":0.46885785460472109,"z":-0.14162546396255494,"w":-0.8346554040908814},"size":0.9000173211097717,"orthographic":false}