{"cameraMode":{"drawMode":0,"name":"Shaded","section":"Shading Mode"},"sceneLighting":false,"audioPlay":false,"sceneViewState":{"showFog":false,"showMaterialUpdate":false,"showSkybox":false,"showFlares":false,"showImageEffects":true,"showParticleSystems":false,"showVisualEffectGraphs":true,"m_FxEnabled":true},"in2DMode":false,"pivot":{"x":0.13392454385757447,"y":0.16689300537109376,"z":0.14118126034736634},"rotation":{"x":-0.22681619226932527,"y":0.3741821348667145,"z":-0.09492215514183045,"w":-0.8942410349845886},"size":0.3720770478248596,"orthographic":false}