{"cameraMode":{"drawMode":0,"name":"Shaded","section":"Shading Mode"},"sceneLighting":false,"audioPlay":false,"sceneViewState":{"showFog":false,"showMaterialUpdate":false,"showSkybox":false,"showFlares":false,"showImageEffects":true,"showParticleSystems":false,"showVisualEffectGraphs":true,"m_FxEnabled":true},"in2DMode":false,"pivot":{"x":-0.00012502074241638184,"y":0.12999999523162843,"z":1.1200000047683716},"rotation":{"x":-0.07264990359544754,"y":0.9228485822677612,"z":-0.2149863988161087,"w":-0.31143519282341006},"size":0.5776059627532959,"orthographic":false}