{"cameraMode":{"drawMode":0,"name":"Shaded","section":"Shading Mode"},"sceneLighting":false,"audioPlay":false,"sceneViewState":{"showFog":false,"showMaterialUpdate":false,"showSkybox":false,"showFlares":false,"showImageEffects":true,"showParticleSystems":false,"showVisualEffectGraphs":true,"m_FxEnabled":true},"in2DMode":false,"pivot":{"x":0.16419050097465516,"y":0.09383600950241089,"z":0.3894738256931305},"rotation":{"x":-0.2521892786026001,"y":0.46885785460472109,"z":-0.14162546396255494,"w":-0.8346554040908814},"size":0.6000174283981323,"orthographic":false}