{"cameraMode":{"drawMode":0,"name":"Shaded","section":"Shading Mode"},"sceneLighting":false,"audioPlay":false,"sceneViewState":{"showFog":false,"showMaterialUpdate":false,"showSkybox":false,"showFlares":false,"showImageEffects":true,"showParticleSystems":false,"showVisualEffectGraphs":true,"m_FxEnabled":true},"in2DMode":false,"pivot":{"x":0.42221736907958987,"y":0.4772242605686188,"z":1.0985299348831177},"rotation":{"x":-0.2521892786026001,"y":0.46885785460472109,"z":-0.14162546396255494,"w":-0.8346554040908814},"size":1.2720770835876465,"orthographic":false}