{"cameraMode":{"drawMode":0,"name":"Shaded","section":"Shading Mode"},"sceneLighting":true,"audioPlay":false,"sceneViewState":{"showFog":false,"showMaterialUpdate":false,"showSkybox":false,"showFlares":false,"showImageEffects":true,"showParticleSystems":false,"showVisualEffectGraphs":true,"m_FxEnabled":true},"in2DMode":false,"pivot":{"x":0.4549991488456726,"y":0.18988871574401856,"z":0.15582436323165894},"rotation":{"x":-0.24395762383937837,"y":0.3093060255050659,"z":-0.08238225430250168,"w":-0.915511965751648},"size":0.5771564245223999,"orthographic":false}