{"cameraMode":{"drawMode":0,"name":"Shaded","section":"Shading Mode"},"sceneLighting":false,"audioPlay":false,"sceneViewState":{"showFog":false,"showMaterialUpdate":false,"showSkybox":false,"showFlares":false,"showImageEffects":true,"showParticleSystems":false,"showVisualEffectGraphs":true,"m_FxEnabled":true},"in2DMode":false,"pivot":{"x":0.13383805751800538,"y":0.049847930669784549,"z":0.13430741429328919},"rotation":{"x":-0.24346177279949189,"y":0.31479597091674807,"z":-0.08383911848068237,"w":-0.9136425256729126},"size":0.3000173270702362,"orthographic":false}