{"cameraMode":{"drawMode":0,"name":"Shaded","section":"Shading Mode"},"sceneLighting":true,"audioPlay":false,"sceneViewState":{"showFog":false,"showMaterialUpdate":false,"showSkybox":false,"showFlares":false,"showImageEffects":true,"showParticleSystems":false,"showVisualEffectGraphs":true,"m_FxEnabled":true},"in2DMode":false,"pivot":{"x":-0.21581292152404786,"y":0.19873246550559998,"z":1.3087810277938843},"rotation":{"x":-0.11053432524204254,"y":0.8547847867012024,"z":-0.20319104194641114,"w":-0.4647323787212372},"size":0.45863839983940127,"orthographic":false}