{"cameraMode":{"drawMode":0,"name":"Shaded","section":"Shading Mode"},"sceneLighting":false,"audioPlay":false,"sceneViewState":{"showFog":false,"showMaterialUpdate":false,"showSkybox":false,"showFlares":false,"showImageEffects":true,"showParticleSystems":false,"showVisualEffectGraphs":true,"m_FxEnabled":true},"in2DMode":false,"pivot":{"x":-0.000005608468200080097,"y":0.000002125065293512307,"z":0.000007709122655796818},"rotation":{"x":-0.09715312719345093,"y":0.8522579073905945,"z":-0.1703902930021286,"w":-0.4851026237010956},"size":0.00001732051168801263,"orthographic":false}