{"cameraMode":{"drawMode":0,"name":"Shaded","section":"Shading Mode"},"sceneLighting":false,"audioPlay":false,"sceneViewState":{"showFog":false,"showMaterialUpdate":false,"showSkybox":false,"showFlares":false,"showImageEffects":true,"showParticleSystems":false,"showVisualEffectGraphs":true,"m_FxEnabled":true},"in2DMode":false,"pivot":{"x":0.6570901870727539,"y":0.12310433387756348,"z":1.2359874248504639},"rotation":{"x":-0.2521892786026001,"y":0.46885785460472109,"z":-0.14162546396255494,"w":-0.8346554040908814},"size":1.8000173568725587,"orthographic":false}