{"cameraMode":{"drawMode":0,"name":"Shaded","section":"Shading Mode"},"sceneLighting":true,"audioPlay":false,"sceneViewState":{"showFog":false,"showMaterialUpdate":false,"showSkybox":false,"showFlares":false,"showImageEffects":true,"showParticleSystems":false,"showVisualEffectGraphs":true,"m_FxEnabled":true},"in2DMode":false,"pivot":{"x":-0.11966419219970703,"y":0.030320048332214357,"z":1.3953193426132203},"rotation":{"x":-0.09951860457658768,"y":0.8507426381111145,"z":-0.17411881685256959,"w":-0.48595696687698367},"size":0.7877029180526733,"orthographic":false}