{"cameraMode":{"drawMode":0,"name":"Shaded","section":"Shading Mode"},"sceneLighting":true,"audioPlay":false,"sceneViewState":{"showFog":true,"showMaterialUpdate":false,"showSkybox":true,"showFlares":true,"showImageEffects":true,"showParticleSystems":true},"in2DMode":false,"pivot":{"x":747.067138671875,"y":304.462158203125,"z":609.5394287109375},"rotation":{"x":0.08399482816457749,"y":-0.07168850302696228,"z":0.00604521157220006,"w":0.9938883781433106},"size":563.1796875,"orthographic":false}