{"cameraMode":{"drawMode":0,"name":"Shaded","section":"Shading Mode"},"sceneLighting":true,"audioPlay":false,"sceneViewState":{"showFog":false,"showMaterialUpdate":false,"showSkybox":false,"showFlares":false,"showImageEffects":true,"showParticleSystems":false},"in2DMode":false,"pivot":{"x":10.224862098693848,"y":0.37409985065460207,"z":4.3877272605896},"rotation":{"x":0.31518760323524477,"y":0.17404501140117646,"z":-0.05891511216759682,"w":0.9310786724090576},"size":1.8826560974121094,"orthographic":false}