{"cameraMode":{"drawMode":0,"name":"Shaded","section":"Shading Mode"},"sceneLighting":true,"audioPlay":false,"sceneViewState":{"showFog":false,"showMaterialUpdate":false,"showSkybox":false,"showFlares":false,"showImageEffects":true,"showParticleSystems":false},"in2DMode":false,"pivot":{"x":195.35995483398438,"y":-55.320037841796878,"z":0.0},"rotation":{"x":-0.08207961171865463,"y":0.03111855313181877,"z":-0.0025657531805336477,"w":-0.9961664080619812},"size":788.9576416015625,"orthographic":false}