{"cameraMode":{"drawMode":0,"name":"Shaded","section":"Shading Mode"},"sceneLighting":true,"audioPlay":false,"sceneViewState":{"showFog":false,"showMaterialUpdate":false,"showSkybox":false,"showFlares":false,"showImageEffects":true,"showParticleSystems":false},"in2DMode":false,"pivot":{"x":10.963279724121094,"y":2.275790214538574,"z":10.270641326904297},"rotation":{"x":-0.007351789623498917,"y":0.9903519749641419,"z":-0.12638059258460999,"w":-0.05911261588335037},"size":7.663864612579346,"orthographic":false}