{"cameraMode":{"drawMode":0,"name":"Shaded","section":"Shading Mode"},"sceneLighting":false,"audioPlay":false,"sceneViewState":{"showFog":false,"showMaterialUpdate":false,"showSkybox":false,"showFlares":false,"showImageEffects":true,"showParticleSystems":false},"in2DMode":false,"pivot":{"x":-107.11679077148438,"y":43.78472900390625,"z":35.2896728515625},"rotation":{"x":-0.13532890379428864,"y":-0.04873011261224747,"z":0.006661432795226574,"w":-0.9895895719528198},"size":636.95263671875,"orthographic":false}