{"cameraMode":{"drawMode":0,"name":"Shaded","section":"Shading Mode"},"sceneLighting":true,"audioPlay":false,"sceneViewState":{"showFog":false,"showMaterialUpdate":false,"showSkybox":false,"showFlares":false,"showImageEffects":true,"showParticleSystems":false},"in2DMode":false,"pivot":{"x":898.426513671875,"y":658.7037353515625,"z":100.1422119140625},"rotation":{"x":0.115543432533741,"y":0.14163152873516084,"z":-0.016770735383033754,"w":0.9831268787384033},"size":883.4290771484375,"orthographic":false}