{"cameraMode":{"drawMode":0,"name":"Shaded","section":"Shading Mode"},"sceneLighting":true,"audioPlay":false,"sceneViewState":{"showFog":false,"showMaterialUpdate":false,"showSkybox":false,"showFlares":false,"showImageEffects":true,"showParticleSystems":false},"in2DMode":false,"pivot":{"x":-24.09093475341797,"y":1.7758903503417969,"z":25.530000686645509},"rotation":{"x":-0.06013127788901329,"y":0.6673265099525452,"z":-0.05415687710046768,"w":-0.7404470443725586},"size":84.97709655761719,"orthographic":false}