{"cameraMode":{"drawMode":0,"name":"Shaded","section":"Shading Mode"},"sceneLighting":true,"audioPlay":false,"sceneViewState":{"showFog":false,"showMaterialUpdate":false,"showSkybox":false,"showFlares":false,"showImageEffects":true,"showParticleSystems":false},"in2DMode":false,"pivot":{"x":7.266104698181152,"y":5.766239643096924,"z":2.5791566371917726},"rotation":{"x":0.41613325476646426,"y":-0.09008128196001053,"z":0.04173357039690018,"w":0.90403813123703},"size":10.850268363952637,"orthographic":false}