{"cameraMode":{"drawMode":0,"name":"Shaded","section":"Shading Mode"},"sceneLighting":true,"audioPlay":false,"sceneViewState":{"showFog":false,"showMaterialUpdate":false,"showSkybox":false,"showFlares":false,"showImageEffects":true,"showParticleSystems":false},"in2DMode":false,"pivot":{"x":5.374493598937988,"y":2.0507822036743166,"z":9.5494966506958},"rotation":{"x":0.2559754550457001,"y":0.2643597722053528,"z":-0.07298054546117783,"w":0.9270234107971191},"size":13.198625564575196,"orthographic":false}