{"cameraMode":{"drawMode":0,"name":"Shaded","section":"Shading Mode"},"sceneLighting":true,"audioPlay":false,"sceneViewState":{"showFog":false,"showMaterialUpdate":false,"showSkybox":false,"showFlares":false,"showImageEffects":true,"showParticleSystems":false},"in2DMode":false,"pivot":{"x":7.791007995605469,"y":1.1879985332489014,"z":4.714000225067139},"rotation":{"x":-0.08207961171865463,"y":0.03111855313181877,"z":-0.0025657531805336477,"w":-0.9961664080619812},"size":6.18766975402832,"orthographic":false}