{"cameraMode":{"drawMode":0,"name":"Shaded","section":"Shading Mode"},"sceneLighting":true,"audioPlay":false,"sceneViewState":{"showFog":false,"showMaterialUpdate":false,"showSkybox":false,"showFlares":false,"showImageEffects":true,"showParticleSystems":false},"in2DMode":false,"pivot":{"x":641.0810546875,"y":63.19578552246094,"z":5.811114311218262},"rotation":{"x":-0.10710076242685318,"y":0.04353031516075134,"z":-0.004699265118688345,"w":-0.9932917952537537},"size":128.06365966796876,"orthographic":false}