{"cameraMode":{"drawMode":0,"name":"Shaded","section":"Shading Mode"},"sceneLighting":true,"audioPlay":false,"sceneViewState":{"showFog":false,"showMaterialUpdate":false,"showSkybox":false,"showFlares":false,"showImageEffects":true,"showParticleSystems":false},"in2DMode":false,"pivot":{"x":11.93901252746582,"y":-0.6530099511146545,"z":3.2160868644714357},"rotation":{"x":-0.003813160350546241,"y":0.9399399161338806,"z":-0.3413052558898926,"w":-0.010724167339503765},"size":7.069432258605957,"orthographic":false}