{"cameraMode":{"drawMode":0,"name":"Shaded","section":"Shading Mode"},"sceneLighting":true,"audioPlay":false,"sceneViewState":{"showFog":false,"showMaterialUpdate":false,"showSkybox":false,"showFlares":false,"showImageEffects":true,"showParticleSystems":false},"in2DMode":false,"pivot":{"x":7.791007995605469,"y":1.1879985332489014,"z":4.714000225067139},"rotation":{"x":-0.07549557834863663,"y":0.899185299873352,"z":-0.17173580825328828,"w":-0.3953884243965149},"size":2.6656858921051027,"orthographic":false}