{"cameraMode":{"drawMode":0,"name":"Shaded","section":"Shading Mode"},"sceneLighting":true,"audioPlay":false,"sceneViewState":{"showFog":false,"showMaterialUpdate":false,"showSkybox":false,"showFlares":false,"showImageEffects":true,"showParticleSystems":false},"in2DMode":false,"pivot":{"x":7.3460001945495609,"y":0.7110000848770142,"z":3.9519999027252199},"rotation":{"x":-0.0893339142203331,"y":0.9093747735023499,"z":-0.2608180046081543,"w":-0.3114981949329376},"size":3.4477853775024416,"orthographic":false}