{"cameraMode":{"drawMode":0,"name":"Shaded","section":"Shading Mode"},"sceneLighting":true,"audioPlay":false,"sceneViewState":{"showFog":false,"showMaterialUpdate":false,"showSkybox":false,"showFlares":false,"showImageEffects":true,"showParticleSystems":false},"in2DMode":false,"pivot":{"x":10.948407173156739,"y":-1.3926448822021485,"z":7.80333948135376},"rotation":{"x":0.26229017972946169,"y":0.030932271853089334,"z":-0.008544971235096455,"w":0.964574933052063},"size":11.174816131591797,"orthographic":false}