{"cameraMode":{"drawMode":0,"name":"Shaded","section":"Shading Mode"},"sceneLighting":true,"audioPlay":false,"sceneViewState":{"showFog":false,"showMaterialUpdate":false,"showSkybox":false,"showFlares":false,"showImageEffects":true,"showParticleSystems":false},"in2DMode":false,"pivot":{"x":7.7870097160339359,"y":1.2689926624298096,"z":4.5600690841674809},"rotation":{"x":0.09411803632974625,"y":-0.735299825668335,"z":0.10438039153814316,"w":0.6630510687828064},"size":5.7304792404174809,"orthographic":false}