{"cameraMode":{"drawMode":0,"name":"Shaded","section":"Shading Mode"},"sceneLighting":true,"audioPlay":false,"sceneViewState":{"showFog":false,"showMaterialUpdate":false,"showSkybox":false,"showFlares":false,"showImageEffects":true,"showParticleSystems":false},"in2DMode":false,"pivot":{"x":10.350000381469727,"y":0.5299999713897705,"z":5.550000190734863},"rotation":{"x":0.5242483615875244,"y":-0.24337172508239747,"z":0.15942133963108064,"w":0.80033278465271},"size":0.25980764627456667,"orthographic":false}