{"cameraMode":{"drawMode":0,"name":"Shaded","section":"Shading Mode"},"sceneLighting":true,"audioPlay":false,"sceneViewState":{"showFog":false,"showMaterialUpdate":false,"showSkybox":false,"showFlares":false,"showImageEffects":true,"showParticleSystems":false},"in2DMode":false,"pivot":{"x":3.181807279586792,"y":5.064742565155029,"z":2.935880661010742},"rotation":{"x":-0.2716452479362488,"y":0.012124457396566868,"z":-0.003423742251470685,"w":-0.9623769521713257},"size":22.335439682006837,"orthographic":false}