{"cameraMode":{"drawMode":0,"name":"Shaded","section":"Shading Mode"},"sceneLighting":true,"audioPlay":false,"sceneViewState":{"showFog":false,"showMaterialUpdate":false,"showSkybox":false,"showFlares":false,"showImageEffects":true,"showParticleSystems":false},"in2DMode":false,"pivot":{"x":8.127450942993164,"y":1.4363698959350587,"z":6.588410377502441},"rotation":{"x":-0.16184210777282716,"y":0.12077257037162781,"z":-0.0200352780520916,"w":-0.9791990518569946},"size":6.074468612670898,"orthographic":false}