{"cameraMode":{"drawMode":0,"name":"Shaded","section":"Shading Mode"},"sceneLighting":true,"audioPlay":false,"sceneViewState":{"showFog":false,"showMaterialUpdate":false,"showSkybox":false,"showFlares":false,"showImageEffects":true,"showParticleSystems":false},"in2DMode":false,"pivot":{"x":10.730445861816407,"y":0.4440661668777466,"z":5.138805866241455},"rotation":{"x":-0.3958824872970581,"y":0.08548007905483246,"z":-0.03704575449228287,"w":-0.9135723114013672},"size":2.3598074913024904,"orthographic":false}