{"cameraMode":{"drawMode":0,"name":"Shaded","section":"Shading Mode"},"sceneLighting":true,"audioPlay":false,"sceneViewState":{"showFog":false,"showMaterialUpdate":false,"showSkybox":false,"showFlares":false,"showImageEffects":true,"showParticleSystems":false},"in2DMode":false,"pivot":{"x":3.9190826416015627,"y":3.4254150390625,"z":9.810529708862305},"rotation":{"x":-0.10847710818052292,"y":0.8886772990226746,"z":-0.3507458567619324,"w":-0.27490511536598208},"size":13.198625564575196,"orthographic":false}