{"cameraMode":{"drawMode":0,"name":"Shaded","section":"Shading Mode"},"sceneLighting":true,"audioPlay":false,"sceneViewState":{"showFog":false,"showMaterialUpdate":false,"showSkybox":false,"showFlares":false,"showImageEffects":true,"showParticleSystems":false},"in2DMode":false,"pivot":{"x":14.011571884155274,"y":2.340777635574341,"z":3.4419572353363039},"rotation":{"x":-0.1487397849559784,"y":-0.6733830571174622,"z":0.14099760353565217,"w":-0.7103286981582642},"size":4.282655715942383,"orthographic":false}