{"cameraMode":{"drawMode":0,"name":"Shaded","section":"Shading Mode"},"sceneLighting":true,"audioPlay":false,"sceneViewState":{"showFog":false,"showMaterialUpdate":false,"showSkybox":false,"showFlares":false,"showImageEffects":true,"showParticleSystems":false},"in2DMode":false,"pivot":{"x":7.527135372161865,"y":-0.3596154451370239,"z":5.1793951988220219},"rotation":{"x":-0.5297125577926636,"y":-0.010469095781445504,"z":0.006544622592628002,"w":-0.8480873703956604},"size":4.013885498046875,"orthographic":false}