{"cameraMode":{"drawMode":0,"name":"Shaded","section":"Shading Mode"},"sceneLighting":true,"audioPlay":false,"sceneViewState":{"showFog":false,"showMaterialUpdate":false,"showSkybox":false,"showFlares":false,"showImageEffects":true,"showParticleSystems":false},"in2DMode":false,"pivot":{"x":5.216635227203369,"y":8.029698371887207,"z":-0.07178396731615067},"rotation":{"x":-0.34938815236091616,"y":0.04329304397106171,"z":-0.0161589328199625,"w":-0.9358620643615723},"size":-4.460269927978516,"orthographic":false}