{"cameraMode":{"drawMode":0,"name":"Shaded","section":"Shading Mode"},"sceneLighting":true,"audioPlay":false,"sceneViewState":{"showFog":false,"showMaterialUpdate":false,"showSkybox":false,"showFlares":false,"showImageEffects":true,"showParticleSystems":false},"in2DMode":false,"pivot":{"x":151.58677673339845,"y":290.47021484375,"z":1.5539398193359376},"rotation":{"x":-0.012905548326671124,"y":0.02279316447675228,"z":-0.00029736862052232027,"w":-0.9996652603149414},"size":100.75762176513672,"orthographic":false}