{"cameraMode":{"drawMode":0,"name":"Shaded","section":"Shading Mode"},"sceneLighting":true,"audioPlay":false,"sceneViewState":{"showFog":false,"showMaterialUpdate":false,"showSkybox":false,"showFlares":false,"showImageEffects":true,"showParticleSystems":false},"in2DMode":false,"pivot":{"x":-4.492448806762695,"y":-0.48996952176094057,"z":4.493534088134766},"rotation":{"x":0.009236783720552922,"y":-0.9814421534538269,"z":0.18562114238739015,"w":0.04977959394454956},"size":2.0315215587615969,"orthographic":false}