{"cameraMode":{"drawMode":0,"name":"Shaded","section":"Shading Mode"},"sceneLighting":true,"audioPlay":false,"sceneViewState":{"showFog":false,"showMaterialUpdate":false,"showSkybox":false,"showFlares":false,"showImageEffects":true,"showParticleSystems":false},"in2DMode":false,"pivot":{"x":7.712888240814209,"y":3.76595401763916,"z":3.8059940338134767},"rotation":{"x":-0.5423930287361145,"y":-0.00805190484970808,"z":0.005204859189689159,"w":-0.840076208114624},"size":2.813539505004883,"orthographic":false}