{"cameraMode":{"drawMode":0,"name":"Shaded","section":"Shading Mode"},"sceneLighting":true,"audioPlay":false,"sceneViewState":{"showFog":false,"showMaterialUpdate":false,"showSkybox":false,"showFlares":false,"showImageEffects":true,"showParticleSystems":false},"in2DMode":false,"pivot":{"x":8.910713195800782,"y":-0.5822827219963074,"z":5.237447261810303},"rotation":{"x":-0.35585519671440127,"y":0.27137142419815066,"z":-0.10887525975704193,"w":-0.887629508972168},"size":3.2209413051605226,"orthographic":false}