{"cameraMode":{"drawMode":0,"name":"Shaded","section":"Shading Mode"},"sceneLighting":true,"audioPlay":false,"sceneViewState":{"showFog":false,"showMaterialUpdate":false,"showSkybox":false,"showFlares":false,"showImageEffects":true,"showParticleSystems":false},"in2DMode":false,"pivot":{"x":130.1850128173828,"y":72.40999603271485,"z":0.0},"rotation":{"x":-0.07822608202695847,"y":0.009567493572831154,"z":-0.0007511039148084819,"w":-0.9968907833099365},"size":20.92152214050293,"orthographic":false}