{"cameraMode":{"drawMode":0,"name":"Shaded","section":"Shading Mode"},"sceneLighting":false,"audioPlay":false,"sceneViewState":{"showFog":false,"showMaterialUpdate":false,"showSkybox":false,"showFlares":false,"showImageEffects":true,"showParticleSystems":false},"in2DMode":false,"pivot":{"x":0.4449999928474426,"y":0.046999990940093997,"z":0.7620000243186951},"rotation":{"x":-0.10847710818052292,"y":0.8886772990226746,"z":-0.3507458567619324,"w":-0.27490511536598208},"size":1.0749257802963257,"orthographic":false}