{"cameraMode":{"drawMode":0,"name":"Shaded","section":"Shading Mode"},"sceneLighting":true,"audioPlay":false,"sceneViewState":{"showFog":false,"showMaterialUpdate":false,"showSkybox":false,"showFlares":false,"showImageEffects":true,"showParticleSystems":false},"in2DMode":false,"pivot":{"x":-2.4659080505371095,"y":-2.982034683227539,"z":23.205957412719728},"rotation":{"x":-0.11520051956176758,"y":0.2337087243795395,"z":-0.027898231521248819,"w":-0.965055525302887},"size":17.940717697143556,"orthographic":false}