{"cameraMode":{"drawMode":0,"name":"Shaded","section":"Shading Mode"},"sceneLighting":false,"audioPlay":false,"sceneViewState":{"showFog":false,"showMaterialUpdate":false,"showSkybox":false,"showFlares":false,"showImageEffects":true,"showParticleSystems":false},"in2DMode":false,"pivot":{"x":-7.450580596923828e-9,"y":0.014515180140733719,"z":0.0},"rotation":{"x":-0.04617227986454964,"y":0.014349031262099743,"z":0.000666890642605722,"w":0.9988567233085632},"size":0.11662521958351135,"orthographic":false}