{"cameraMode":{"drawMode":0,"name":"Shaded","section":"Shading Mode"},"sceneLighting":true,"audioPlay":false,"sceneViewState":{"showFog":false,"showMaterialUpdate":false,"showSkybox":false,"showFlares":false,"showImageEffects":true,"showParticleSystems":false},"in2DMode":false,"pivot":{"x":0.4882752299308777,"y":2.655658483505249,"z":-0.44377702474594118},"rotation":{"x":0.18671034276485444,"y":-0.49538299441337588,"z":0.10994929075241089,"w":0.8412244319915772},"size":4.7422308921813969,"orthographic":false}