{"cameraMode":{"drawMode":0,"name":"Shaded","section":"Shading Mode"},"sceneLighting":true,"audioPlay":false,"sceneViewState":{"showFog":false,"showMaterialUpdate":false,"showSkybox":false,"showFlares":false,"showImageEffects":true,"showParticleSystems":false},"in2DMode":false,"pivot":{"x":5.651994705200195,"y":2.0578036308288576,"z":2.5707576274871828},"rotation":{"x":-0.23102189600467683,"y":0.3694632649421692,"z":-0.09536747634410858,"w":-0.8950051665306091},"size":14.908707618713379,"orthographic":false}