{"cameraMode":{"drawMode":0,"name":"Shaded","section":"Shading Mode"},"sceneLighting":true,"audioPlay":false,"sceneViewState":{"showFog":false,"showMaterialUpdate":false,"showSkybox":false,"showFlares":false,"showImageEffects":true,"showParticleSystems":false},"in2DMode":false,"pivot":{"x":1639.5198974609375,"y":84.26541137695313,"z":80.587646484375},"rotation":{"x":-0.27707380056381228,"y":0.06507086753845215,"z":-0.018850987777113916,"w":-0.9584738612174988},"size":226.43960571289063,"orthographic":false}