{"cameraMode":{"drawMode":0,"name":"Shaded","section":"Shading Mode"},"sceneLighting":true,"audioPlay":false,"sceneViewState":{"showFog":false,"showMaterialUpdate":false,"showSkybox":false,"showFlares":false,"showImageEffects":true,"showParticleSystems":false},"in2DMode":false,"pivot":{"x":2.766810894012451,"y":1.0168981552124024,"z":2.1473591327667238},"rotation":{"x":0.12986619770526887,"y":-0.6227343678474426,"z":0.10581329464912415,"w":0.7642907500267029},"size":8.242673873901368,"orthographic":false}