{"cameraMode":{"drawMode":0,"name":"Shaded","section":"Shading Mode"},"sceneLighting":true,"audioPlay":false,"sceneViewState":{"showFog":false,"showMaterialUpdate":false,"showSkybox":false,"showFlares":false,"showImageEffects":true,"showParticleSystems":false},"in2DMode":false,"pivot":{"x":867.6768798828125,"y":543.4285278320313,"z":130.205322265625},"rotation":{"x":0.1860305517911911,"y":0.1836150735616684,"z":-0.03544585406780243,"w":0.9646928906440735},"size":731.7247314453125,"orthographic":false}