{"cameraMode":{"drawMode":0,"name":"Shaded","section":"Shading Mode"},"sceneLighting":false,"audioPlay":false,"sceneViewState":{"showFog":false,"showMaterialUpdate":false,"showSkybox":false,"showFlares":false,"showImageEffects":true,"showParticleSystems":false},"in2DMode":false,"pivot":{"x":-7.450580596923828e-9,"y":0.014515180140733719,"z":0.0},"rotation":{"x":-0.39640501141548159,"y":-0.16282135248184205,"z":-0.0716465413570404,"w":0.9007063508033752},"size":0.11662521958351135,"orthographic":false}