{"cameraMode":{"drawMode":0,"name":"Shaded","section":"Shading Mode"},"sceneLighting":true,"audioPlay":false,"sceneViewState":{"showFog":false,"showMaterialUpdate":false,"showSkybox":false,"showFlares":false,"showImageEffects":true,"showParticleSystems":false},"in2DMode":false,"pivot":{"x":15.373579978942871,"y":-1.3251901865005494,"z":8.025962829589844},"rotation":{"x":-0.18053460121154786,"y":-0.43247804045677187,"z":0.0886896401643753,"w":-0.879025399684906},"size":11.802677154541016,"orthographic":false}