{"cameraMode":{"drawMode":0,"name":"Shaded","section":"Shading Mode"},"sceneLighting":false,"audioPlay":false,"sceneViewState":{"showFog":false,"showMaterialUpdate":false,"showSkybox":false,"showFlares":false,"showImageEffects":true,"showParticleSystems":false},"in2DMode":false,"pivot":{"x":862.7042236328125,"y":392.4089660644531,"z":89.2342529296875},"rotation":{"x":0.12281548231840134,"y":0.11169934272766113,"z":-0.013894147239625454,"w":0.9860818982124329},"size":540.7683715820313,"orthographic":false}