{"cameraMode":{"drawMode":0,"name":"Shaded","section":"Shading Mode"},"sceneLighting":true,"audioPlay":false,"sceneViewState":{"showFog":false,"showMaterialUpdate":false,"showSkybox":false,"showFlares":false,"showImageEffects":true,"showParticleSystems":false},"in2DMode":false,"pivot":{"x":12.666654586791993,"y":-0.41021203994750979,"z":4.000380516052246},"rotation":{"x":0.11186867207288742,"y":0.5609458684921265,"z":-0.07648106664419174,"w":0.8168410062789917},"size":5.314079284667969,"orthographic":false}