{"cameraMode":{"drawMode":0,"name":"Shaded","section":"Shading Mode"},"sceneLighting":true,"audioPlay":false,"sceneViewState":{"showFog":false,"showMaterialUpdate":false,"showSkybox":false,"showFlares":false,"showImageEffects":true,"showParticleSystems":false},"in2DMode":false,"pivot":{"x":34.86650848388672,"y":29.866172790527345,"z":12.189544677734375},"rotation":{"x":-0.31606829166412356,"y":-0.15950767695903779,"z":0.05399317294359207,"w":-0.9336815476417542},"size":80.03386688232422,"orthographic":false}