{"cameraMode":{"drawMode":0,"name":"Shaded","section":"Shading Mode"},"sceneLighting":true,"audioPlay":false,"sceneViewState":{"showFog":false,"showMaterialUpdate":false,"showSkybox":false,"showFlares":false,"showImageEffects":true,"showParticleSystems":false},"in2DMode":false,"pivot":{"x":16.727914810180665,"y":-1.5984525680541993,"z":4.992518424987793},"rotation":{"x":-0.20770935714244843,"y":-0.44365400075912478,"z":0.10635841637849808,"w":-0.8653892874717712},"size":10.329341888427735,"orthographic":false}