{"cameraMode":{"drawMode":0,"name":"Shaded","section":"Shading Mode"},"sceneLighting":true,"audioPlay":false,"sceneViewState":{"showFog":false,"showMaterialUpdate":false,"showSkybox":false,"showFlares":false,"showImageEffects":true,"showParticleSystems":false},"in2DMode":false,"pivot":{"x":8.894914627075196,"y":0.6253896355628967,"z":5.727242469787598},"rotation":{"x":0.3695947825908661,"y":0.568545937538147,"z":-0.31623274087905886,"w":0.6636344790458679},"size":3.389826536178589,"orthographic":false}