{"cameraMode":{"drawMode":0,"name":"Shaded","section":"Shading Mode"},"sceneLighting":true,"audioPlay":false,"sceneViewState":{"showFog":false,"showMaterialUpdate":false,"showSkybox":false,"showFlares":false,"showImageEffects":true,"showParticleSystems":false},"in2DMode":false,"pivot":{"x":87.09554290771485,"y":87.41949462890625,"z":-192.15797424316407},"rotation":{"x":-0.1986643671989441,"y":0.2295776754617691,"z":-0.04792395979166031,"w":-0.9516173005104065},"size":103.02841186523438,"orthographic":false}