{"cameraMode":{"drawMode":0,"name":"Shaded","section":"Shading Mode"},"sceneLighting":false,"audioPlay":false,"sceneViewState":{"showFog":true,"showMaterialUpdate":false,"showSkybox":false,"showFlares":true,"showImageEffects":true,"showParticleSystems":true},"in2DMode":false,"pivot":{"x":2.9800000190734865,"y":1.2799999713897706,"z":6.519999980926514},"rotation":{"x":-0.08914784342050553,"y":0.7360367178916931,"z":-0.09885640442371369,"w":-0.6637444496154785},"size":4.3739399909973148,"orthographic":false}