{"cameraMode":{"drawMode":0,"name":"Shaded","section":"Shading Mode"},"sceneLighting":false,"audioPlay":false,"sceneViewState":{"showFog":false,"showMaterialUpdate":false,"showSkybox":false,"showFlares":false,"showImageEffects":true,"showParticleSystems":false,"showVisualEffectGraphs":true,"m_FxEnabled":true},"in2DMode":false,"pivot":{"x":0.19595682621002198,"y":0.10737192630767822,"z":0.28171998262405398},"rotation":{"x":-0.22681619226932527,"y":0.3741821348667145,"z":-0.09492215514183045,"w":-0.8942410349845886},"size":0.6000173091888428,"orthographic":false}